queryId,min,max,mean,median,stddev,p90
q1,321,502,369.4,345.5,61.82448274483715,498.3
q2,328,482,363.3,341.0,48.83543795237225,474.5
q3,378,573,445.1,431.5,57.862768685917544,565.7
q4,3938,4074,3999.1,3997.0,45.814723494624396,4072.6
q5,665,992,730.1,711.0,94.50978785289914,965.4
q6,725,926,776,756.5,56.41315843351128,912.7
q7,534,723,617.7,610.5,63.522611897042005,721.8
