queryId,min,max,mean,median,stddev,p90
q1,58048,59086,58699,58963,567.1269699106189,58963
q2,54292,55353,54703.333333333336,54465,569.2383800600003,54292
q3,60293,61596,61053.333333333336,61271,678.2229230373546,60293
q4,3525,4273,3780,3542,427.035127360736,4273
q5,19292,19594,19483,19563,166.13548687742784,19563
q6,7327,7384,7353,7348,28.827070610799147,7384
q7,25413,26535,25794.666666666668,25436,641.2506010393545,26535
